﻿<?xml version="1.0" encoding="utf-8"?>
<Project ToolsVersion="Current" xmlns="http://schemas.microsoft.com/developer/msbuild/2003">
  <PropertyGroup>
    <IncludeCompositeObjects>True</IncludeCompositeObjects>
    <TargetDatabaseName>ArchitectContact</TargetDatabaseName>
    <DeployScriptFileName>ContactDatabase.sql</DeployScriptFileName>
    <TargetConnectionString>Data Source=(localdb)\MSSQLLocalDB;Integrated Security=True;Persist Security Info=False;Pooling=False;MultipleActiveResultSets=False;Connect Timeout=60;Encrypt=False;TrustServerCertificate=False</TargetConnectionString>
    <BlockOnPossibleDataLoss>True</BlockOnPossibleDataLoss>
    <CreateNewDatabase>True</CreateNewDatabase>
    <ProfileVersionNumber>1</ProfileVersionNumber>
  </PropertyGroup>
</Project>